calfa_idx	context	calfa	coo.31924054870112	hvd.32044073502338	mdp.39015028571910	nnc1.0046980040	pst.000005714179
10368	ταῦτα καὶ νῦν [[ἄδων]] τὰ εἰκότα λειτούργησον	ἄδων	ᾄδων	ᾄδων	ᾄδων	ᾄδων	ᾅδων
13037	μεῖζον ἕργον καὶ [[θαυμαστότερον]] τοῦτο θειότερόν τε	θαυμαστότερον	θαυμαστότερον	θαυμαστότερον	θαυμαστότερονο	Θαυμαστότερονο	θαυμαστότερον
13425	νήπιον ἄρτι παρελθὸν [[εἰς]] βίον κρατεῖς καὶ	εἰς	είς	είς	είς	είς	είς
13703	τῷ σῷ λόγῳ [[ἐρεῖς]] Ταῦτα πρὸς τοὺς	ἐρεῖς	ἐρεῖς	ὲρείς	ἐρεῖς	ὲρείς	τρεῖς
16390	οὐδ ἐπὶ τοῖς [[ὕμνοις]] δακνόμενος οὐδὲ χρώματι	ὕμνοις	ὕμνοις	ὕμνοις	ὕμνοις	ῢμνοις	ὖμνοις
16720	ἐκείνου παρῃτοῦντο βασιλείαν [[Ἕδόξασε]] γὰρ τὸν Μονογενῆ	Ἕδόξασε	Ἐδόξασε	Ἐδόξασε	Ἐδόξασε	Ἐδόξασε	Ἐδόξασε
16893	ὥσπερ ἀπαθῶς ἐκ [[Πατρὸς]] γεννηθεὶς ἦν Υἱὸς	Πατρὸς	Πατρός	Πατρός	Πατρὸς	Πατρδς	Πατρὺς
17631	χωρίῳ τῆς ἀφθαρσίας [[τὸ]] θεῖον ἐτέθη σῶμα	τὸ	τὸ	τὸ	τὸ	τὺ	τὸ
17864	ὑπὸ κατάραν ἐτίθεις [[Οὐχ]] ὁρῶσι τὰ καράδοξα	Οὐχ	Οὐχ	Οὐχ	Οὐχ	Ούχ	Οὐχ
19580	θάνατον Ἀφ οὗ [[γὰρ]] σταυρὸς θάνατος καὶ	γὰρ	γὰρ	γάρ	γὰρ	γὰρ	γὰρ
20314	σκῆπτρον ὁ ἀλάστωρ [[ὁ]] ἀποστάτης τύραννος καὶ	ὁ	ὁ	ὁ	δ	ὁ	ὁ
23929	θάνατον ὑπὸ τοῦ [[Δεσπότον]] τῶν ἕων ἡμέμαις	Δεσπότον	Δεσπότου	Δεσπότου	Δεσπότου	Δεσπότου	Δεσπότου
25078	καὶ δορυφοροῦσι τὴν [[ἡμῶν]] προσάγοντι ὑποταγὴν τῷ	ἡμῶν	ήμῶν	ήμῶν	ήμῶν	ἡμῶν	ἡμῶν
25938	ἀθεώρητον ὁ Λόγος [[ἐπλήρου]] Καὶ γοῦν εἰ	ἐπλήρου	ἐπλήρου	ἐπλήρου	ἐπλήρου	ἐπλήρου	ἐπλήροο
26874	δόξῃ καὶ κυριότητι [[Πατρὶ]] συμπροσκυνούμενον καὶ Υἱῷ	Πατρὶ	τητι	Πατρὶ	Πατρὶ	Πατρὶ	Πατρὶ
28327	Θεοῦ Δἰδωσιν ἄφεσιν [[ἀμαρτημάτων]] ὁ Υἱὸς τῆς	ἀμαρτημάτων	ἁμαρτημάτων	ἁμαρτημάτων	ἁμαρτημάτων	ἁμαρτημάτων	ἁμαρτημάτων
33057	τὸν ποιητήν Ἀλλὰ [[παρέστηεν]] ὧ μακαρία ἐπὶ	παρέστηεν	παρέστηκεν	παρέστηκεν	παρέστηκεν	παρέστηκεν	παρέστηκεν
34753	λύσις Οὐκ οἴχεται [[πρὸς]] τὸ μὴ ὃν	πρὸς	πρὸς	πρὸς	πρδς	πρδς	πρδς
37110	τιμῶντας τὸν Κτίστην [[καὶ]] πλέον ἐτίμα ἢ	καὶ	καὶ	καλ	καὶ	καὶ	καὶ
40322	πρὸς ὄψος τῆς [[ἐκείνου]] μεγαλοπρεπείας τὸ δῶρον	ἐκείνου	ἐκείνου	ἐκείνου	ἐκείνου	ἐκείνου	ἑκείνου
42028	τε σὺν τῇ [[παρούσῃ]] ἰερᾷ πληθύῖ τῇ	παρούσῃ	παρούσῃ	παροῦσῃ	παρούσῃ	παρούσῃ	παρθέσῃ
50987	τὴν ἁγίαν καὶ [[ὁμοούσιον]] Τριάδα Ἐέ οὗ	ὁμοούσιον	ὀμοούσιον	όμοούσιον	ὁμοούσιον	ὀμοούσιον	ὀμοσὺσιον
52745	καὶ χρηστότησιν ἀπεικάζονται [[Ἀλλ]] ὅτι καὶ αἰ	Ἀλλ	Ἀλλ	Ἀλλ	Ἀλλ	Ἀλλ	Διί
57701	αὐτῶν τῆς ψυχῆς [[Ἡγέρθη]] γὰρ φησὶν Ἰησοῦς	Ἡγέρθη	Ἠγέρθη	Ἠγέρθη	Ἠγέρθη	Ἠγέρθη	Ἠγέρθη
64971	Ὁ Μεσημβρίας ἡ [[πγ]] θρόνος οὖσα ρ	πγ	πγ	πγ	πγ	πγ	Μεσημερέᾲςο
67770	τὰ πρὸς δεσπότας [[καὶ]] Σεβαστοκράτορας καὶ Καίσαρας	καὶ	καὶ	και	και	καὶ	καὶ
68244	ἑτέρῳ μέρει οὐδέν [[τι]] σημειοῦνται στοιχεῖον Γράφοντες	τι	τι	τι	τι	τι	ιι
74255	καὶ τὴν χάριν [[διαδέξασθαι]] τὴν παράδοσιν οὐχὶ	διαδέξασθαι	διαδέξασθαι	διαδέξασθαι	διαδέξασθαι	διαδέξασθαι	διαδεξασθαι
92252	περισπασμῶν ἀπηλλάχθαι ὅσην [[δὲ]] παιδοτροφίαι καὶ ἄλλως	δὲ	δέ	δὲ	δὲ	δὲ	δὲ
98629	ἀπαγορεύει τέλεον ὁμνύεσθαι [[ὁ]] δὲ τὸ αὐτὸ	ὁ	ὀ	δ	ό	ὁ	ὁ
104299	ποτὲ καὶ γονὴν [[ἐξ]] οὔτω γάμου δυστυχοῦς	ἐξ	ὲξ	ἐξ	ἐξ	ἐξ	ιξο
116232	θώρακας ἔχειν οἶτινες [[καλοῦνται]] νῦν κλιβάνια καὶ	καλοῦνται	κα>ῦνται	καλοῦνται	κα·λοῦνται	καλοῦνται	κα·ιοῦνται
118221	στρογγύλον μέγα ἀπλωτέραν [[ἔχον]] τὴν κολότητα τὸ	ἔχον	ἕχον	ἔχον	ἕχον	ἕχον	ἕχον
123712	κεφαλικῇ τιμωρίᾳ ὑποβληθῶσι [[κατὰ]] ἐξαίρετον οἱ πρῶτοι	κατὰ	κατά	κατά	κατὰ	κατά	κατά
124267	ἢ παρατάξεως γένηται [[καὶ]] μηδὲ πρὸς διφένσορας	καὶ	καλ	καλ	καὶ	καὶ	καὶ
129693	εἰς δευτεραν τύχην [[ἀφορᾷν]] πολλάκις καὶ τὰς	ἀφορᾷν	ἀφορᾷν	ἁφορᾷν	ἀφορᾷν	άφορᾷν	ἀφορᾷν
129957	μέσον τῶν ὑπ [[αὐτὸν]] ἀπλικεύειν ιη Σὲ	αὐτὸν	αὐτὸν	αὑτὸν	αὑτὸν	αὐτὸν	αὐτὸν
131467	εἰσόδῳ καὶ κινδυνεύειν [[μθ]] Τοὺς δὲ ἄρχοντας	μθ	μο	μθ	μθ	μθ	μθ
134239	δὲ οἱ ὡς [[εἴρηται]] τεταγμένοι ἵνα κατασταθῶσιν	εἴρηται	εἴρηται	εἴρηται	εἴρηται	εῖρηται	εἴρηται
154121	ὅλης σου ὁδοιπορίας [[ἢ]] ὅταν ἐστὶν ἀστερόφωτον	ἢ	ἢ	ἢ	ἦ	ἢ	ἢ
161484	ἐλεύθερον τοῦτο τὸ [[ἔθνος]] μελέτην μόνον ποιούμενον	ἔθνος	ἔθνος	ἔθνος	ἐθνος	έθνος	ἔθνος
163175	πη Ἀπράγμονες δέ [[εἰσι]] καὶ πάσης ποικιλίας	εἰσι	εἰσι	εἰσι	εἰσι	εἰσι	εἱσι
165343	ἢ πραγμάτων ἐπιφερόμενοι [[Ἐπιβιβάζειν]] γὰρ δεῖ ἐφ	Ἐπιβιβάζειν	Ἐπιδιδάζειν	Ἐπιβιβάζειν	Ἑπιβιθάζειν	Ἐπιβιβάζειν	Ἐπιβισάζειν
166125	ἀνδρῶν α ἣν [[εἰς]] τέσσαρα διαιρήσεις μέρη	εἰς	είς	είς	είς	είς	είς
167583	ἔστωσαν καὶ οἱ [[λοιποὶ]] τῶν ἀνατολικῶν θεμάτων	λοιποὶ	λοιποὶ	λοιποὶ	λοιπώ	λοιποὶ	λοιποὶ
168637	ὅπλα πρὸς χρείαν [[εἰ]] τύχοι μήποτε ἐπιλείπουσι	εἰ	εί	εί	εἰ	εί	εί
170408	ἐν τοῖς οἱκείοις [[ὥστε]] καὶ αὐτοὺς διαφέρειν	ὥστε	ὥστε	ὥστε	ὥστε	ὥστε	ὅστε
170634	ἢ διὰ χρωμάτων [[οἷόν]] ποτε τοῖς παλαιοῖς	οἷόν	οἷον	οἷόν	οἷον	οἷόν	οἷόν
172456	καὶ τῇ ἡμετέρᾳ [[ἐκ]] Θεοῦ βασιλείᾳ εὕχρηστός	ἐκ	ἐκ	ὲκ	ὲκ	ἐκ	ἐκ
172532	χρεὼν τῇ σῇ [[ἐνδοξότητι]] καὶ ταῖς ἤδη	ἐνδοξότητι	ἐνδοξότητι	ὲνδοξότητι	ἐνδοξὸτητι	ἔνδοξότητι	ἰνδοεύτητι
174531	γνώσῃ περὶ ὡν [[ἐπιζητεῖς]] λθ Οὐδενὶ τρόπῳ	ἐπιζητεῖς	ἐπιζητεῖς	ἐπιζητεῖς	ἐπιζητεῖς	ἐπιζητεῖ	ἐπιζητεῖς
176067	καὶ μνήμης ἀειμνήστου [[ἀλλὰ]] καὶ τὰ τέκνα	ἀλλὰ	ἀλλά	ἀλλὰ	ἀλλὰ	ἀλλά	ἀλλὰ
176413	μάχας τὸ στράτευμα [[γίνεται]] Ἐἀν τοίνυν διὰ	γίνεται	γίνεται	γγίνεταιί	γίνεται	γίνεται	γίνεται
176597	ἐπιτεύξῃ τροπαίων πα [[Τὰ]] τόξα ὅπλα εἰσὶν	Τὰ	Τὰ	Τὰ	Τά	Τὰ	Τὰ
177199	ὡ στρατηγὲ μάλιστα [[δὲ]] σὺν τῷ στρατῷ	δὲ	δέ	δὲ	δὲ	δὲ	δὲ
186324	ποιεῖσθαι καὶ τὸν [[ἤλιον]] δὲ ὡσαύτως κατὰ	ἤλιον	ἥλιον	ἥλιον	ἥλιον	ἣλιον	ἥλιον
189051	ἀποτεταγμένοι καὶ τὰς [[ὁδοὺς]] ἐξομαλίζοντες καὶ τὴν	ὁδοὺς	ὁδοὺς	ὀδοὺς	ὁδοὺς	ὀδοὺς	ὁδοὺς
189662	ἢ κλιβάνια σιδηρᾶ [[ἢ]] καὶ κεράτινα ἢ	ἢ	ἢ	ἢ	ἢ	ἦ	ἢ
192220	ἔλαιον ὅτι τάχιστα [[σβέννυσι]] τοῦ ὕδατος προσφερόμενον	σβέννυσι	σβέννυσι	σόἐννυσι	σύέννυσιδι	σῦέννυσιδί	σβίννιισι³ι
196021	τὴν τοῦ κηρύγματος [[βροντιαίαν]] φωνήν Καὶ εἶθ	βροντιαίαν	βροντιαίαν	βροντιαίαν	βροντιαίαν	βροντιαίαν	βροντιαίεν
