calfaPage	pdfPage	cols	halves	found
106	111	201-202	a,b	chunk 0005 opens mid-col 201 at Οὐ νεκρὸς; bands A (top, ch.0004) B (at ΚΕΦΑΛ. ΝΕʹ subtitle) C (ῥάβδον, ἢ πήραν line) D (Ἀπεδείχθη line); ch.55 subtitle Τί τὸ, «Οὐδεὶς βαλὼν τὴν χεῖρα αὐτοῦ ἐπ᾽ ἄροτρον.» Calfa keeps only ἄροτρον.»; Luke 9:62 quotation whole on plate (καὶ στραφεὶς εἰς τὰ ὀπίσω, εὔθετός ἐστιν εἰς τὴν βασιλείαν) — Calfa dropped a line; bold 72 after ἦρξω, (Calfa lost); readings εὔθετος, ἀνταλλάττῃ, παρέδωκε, αὕτη, ἐνίσχυε, εὐλογῶν, ἀποστόλοις, Ἀπεδείχθη, παραδεδωκώς, μυστήριον ἦν, τελειώσεως, Διονύσιος, παρ᾽ ἀγγέλου, γέγραπται, τελεωτέραν, δίδοται, ηὔξανέ, εὐταξίαι, καὶ τοῦ βαπτίσματος; no notes/apparatus
107	112	203-204	a,b	col 204 whole in 0005; bands A (top, ψαλμῳδιῶν) B (at ΚΕΦΑΛ. Νϛʹ) C (πευον. Ἰδοὺ line) D (τοῖς ἀποστολικοῖς … φρονοῦντες); ch.56 subtitle present (Ὅτι καὶ τὸ τοῦ ἁγίου ἐλαίου ἤτοι εὐχελαίου μυστήριον …); bold 73 before ἐγερεῖ (Calfa ἦᾳ); readings ἔπειτα, ἐξέβαλλον. (period), Θεάδελφος, πρεσβυτέρους, πεποιηκώς, ἀφεθήσεται, Οὗτοι γάρ, βοῶντος, ἐγειρομένοις, ἠλείψατο καὶ ἔλαιον (acc.), ἐνταφιασμὸν ἦν αὐτοῦ (ἦν slightly blurred, construes), μύρον; no apparatus
108	113	205-206	a,b	col 205 split: 0005 to φῶτα προσφέρομεν., then 0006 from Ἐπεὶ δὲ; bands A (top, οἰκίᾳ Σίμωνος) B (Ὅτι ᾧ / τὸ πλεῖον line) C (τὸ θεῖον / καὶ ἱλαρὸν line) D (δι᾽ οὗ καὶ τοῦ κατακλυσμοῦ line, ch.57); ΚΕΦΑΛ. ΝΖʹ (Calfa Να·) subtitle Διατί καὶ ἔλαιον ἐν τῷ ἁγίῳ καὶ μεγάλῳ μύρῳ, καὶ ἔλαιον ἐν τῷ εὐχελαίῳ.; bold 74 after στόματι (Calfa Ἅ); readings ἐξέματτεν, ἣ καὶ τοῖς δάκρυσιν, εἴληφεν, Εἰσῆλθόν σου, ἔδωκας, αὕτη, Οὗ χάριν, Ὧ δὲ ὀλίγον, Βλέπεις, ἱλαρότητος, χρίσασα, σωτηρίους, κἀκεῖθεν, ὃ τὴν σφραγῖδα, κἀκεῖ, ζωοποιοῦντος, ἐδήλου, τοῦτο … προσαγόμενον ἁγιάζεται, ἱερῶν; col ends at χρείαν; no apparatus
109	114	207-208	a,b	col 208 whole in 0006; opens directly Κληρικός. — no heading on the Greek column (Calfa ζΑΡΟΤ Γviii. at [0208] is Latin-column CAPUT junk); bands A (Κληρικός line) B (μεν λαβεῖν λόγον line) C (εὐσεβέσιν εὐθὺς line) D (μετέχειν, ἢ ἐνδοιάζειν line); ch.58 ΝΗʹ and ch.59 ΝΘʹ subtitles present; no bold Iassy numeral on this page; readings ἔχομεν (χ faint), ἕκαστον, εὐλαβείας, δυνατὸν ἄρα, ἡμεῖς, πιστεύομεν, Χριστοῦ, ἑκάστου, βαπτίσματος (lower-case), μυστηρίων., πρὸ, τοῦ Πνεύματος, εὐσεβέσιν, ἡμῶν, βρέφους, παρὰ τοῦ ἱερέως, δοξολογεῖ, ῥύπου, βαπτίσματος, διὰ τὸν λόγον; no apparatus
110	115	209-210	a,b	col 209 split: 0006 to ἐπανέρχεται τῇ μητρί., 0007 from Τῇ τεσσαρακοστῇ (last 4 lines); bold 75 after ἀπολύσας, before ἀπέρχεται (Calfa Ξ); bands A (σωτήριον βάπτισμα line) B (σει, τὸ θεῖον βάπτισμα line) C (καθὰ διδασκόμεθα. Ἐν ταύτῃ line) D (ἡμῖν διὰ τοῦ βαπτίσματος line); ΚΕΦΑΛ. Ξʹ (Calfa Σʹ) subtitle Ὅτι καὶ ἐν τῇ ὀγδόῃ ἡμέρᾳ ὁ Κύριος τὸ ὄνομα εἴληφεν, Ἰησοῦς κληθείς.; readings πρὸ τῶν πυλῶν, δίδωσιν, βαπτίζεται., ἐρρύσατο (no comma before it on plate), Ὃ σημεῖον (Calfa lost Ὃ), Ἰουδαῖοι, ὀγδόῃ, εἶναι, καὶ ἔτι οὐκ ἀπαθὲς (Calfa παι), ὄνομα λαμβάνει, σημειωθὲν, καρδίαν, πρὸ τῶν θυρῶν στὰς; no apparatus
111	116	211-212	a,b + zoom	col 212 whole in 0007 (Calfa ΟἈΡΓΤ ΙΚ. before [0212] = Latin CAPUT junk); last 3 Greek lines of ch.60 run FULL WIDTH across both columns (ρίῳ ποιήσας … ταῦτα μὲν οὕτως.) — read on a full-width strip, Calfa agrees; bands A (εἰσελθεῖν) line) B (βρέφος βεβαπτισμένον line) C (βρέφος. Ἀλλ᾽ εἰ φόβος line) D (ἀφορκισμοὺς εἶπον line); bold 76 after Ἰσραήλ, before γεγεννημένον (Calfa ἧξ); ΚΕΦΑΛ. ΞΑʹ subtitle Θεωρία περὶ τῶν τελουμένων ἐν τῷ θείῳ βαπτίσματι. (Calfa truncated βαπτί + ΟΗΤίι junk); ⚑ PLATE DEFECT: Τὰ τοῦ ερωτάτου — zoomed, the ι with its breathing is absent from the type, gap visible → [sic:]; readings Νῦν, ἀναβοᾷ, τὸν Χριστόν, κἀν τῷ θυσιαστηρίῳ, κατηχούμενος, ἱερωτάτου (sense), θανάτου, δίδωσιν, ὁ ἱερεύς, ἀφορκισμούς, εὐχάς, εὐχολογίῳ, Ἐκκλησίας, βαπτίζοντας, προσάγεται ὁ μέλλων βαπτισθῆναι, γυναικός, τοῦ ἀναδόχου παρόντος, ἡλι|κίαν
112	117	213-214	a,b	col 213 whole in 0007; bands A (κίαν ἔχει line) B (σιν, ἀλλὰ σκοτίζουσι line) C (σὺν τῷ ἀναδόχῳ … ἑκου- line) D (Τριάδος ἕνα Χριστόν line); bold 77 between καθαρτικὸν, and καὶ ἀναγεννῶν (Calfa ἢ); ΚΕΦΑΛ. ΞΒʹ subtitle present (ὀρθόδοξον εἶναι καὶ εὐσεβῆ); readings ἑκουσίως, εἰς Χριστόν, ἀναδεχόμενος, διώκτας, αἱρετικούς, εἰς ἀναδοχὴν (οἴμοι!) τῶν τέκνων αὐτῶν τινες διά τι προσκαλοῦνται ἀνθρώπινον (Calfa garbled the parenthesis), σκότος; (qm), πιστῷ, γέγραπται; (qm), ἀσεβῶν, πρότερον καθομολογήσωσιν, ἀναγεννῶν, Χριστῷ, (εἰ γὰρ τοῦτο … ὑποκρύπτεται) in parentheses, βρέφος, μήποτε, σὺν, ἑκουσίως, σωτηρίᾳ, εὐθύς, θανάτου, ἐπεί, «Καὶ ἐνεφύσησεν …», Χριστοῦ βαπτίζειν, κράτος, σταυρῷ, καί, Αἱ χεῖρές, προειρήκειν, ἐπιτί|θησι; scripture at 2 Cor 6:14-15 has no « » on the plate
113	118	215-216	a,b	col 216 split: 0007 to τὴν δουλείαν ὑποδεικνὺς τῷ Θεῷ., 0008 from Διὰ τοῦτο τοίνυν; bands A (θησι τὴν χεῖρα line, 0007) B (καὶ τὴν θεοΰφαντον line, 0008) C (παραπεσόντα Ἀδάμ line) D (οὗ ἐκπέπτωκε line); bold 78 between τὴν πρὶν and ἀπολέσας (Calfa ἦ); readings ἐπιλέγει. (period), γυμνὸν παρίστησι, (ἐκεῖθεν (open paren), τῶν παθῶν, διὰ τὸ γυμνόν, θεοΰφαντον, Ἵνα, κεφαλαιωδῶς, καὶ αὖθις, παραπεσόντα, ἑκούσιον, τῶν δεσμῶν, Χριστῷ, ἀνατολάς, εἷς, Χριστός, Θαιμάν, ἀρχιερέως, φυγαδευθείσης. (period; Calfa comma), ἁγιασθῇ, (comma, slightly uncertain), ἀνομολογῇ, καρδίαν, ὁρᾷ; no apparatus
114	119	217-218	a,b + zoom	col 217 whole in 0008; bands A (μένῃ. Μετὰ τοῦτο line) B (Καὶ φεύγειν / ῥεάζειν lines) C (καὶ ὅτι νοῦς καὶ λόγος line) D (κεκρυμμένον ἐν ἑαυτῷ line); bold 79 between βεβαιοῖ τε and καὶ τελειοῖ (Calfa lost it); ⚑ LAST LINE OF THE COLUMN DROPPED BY CALFA: φα|νερὰν γὰρ καὶ βεβαίαν εἶνα(ι) δεῖ τοῦ κακοῦ τὴν ἀποτα|γήν (continues col 220; Calfa φα [0220] ἵήν) — zoomed, vowel of -νερ?ν and final ι of εἶναι unclear, sense certain; readings κρύπτῃ, αὐτῷ, μένῃ, Τριάδος. (period), Αὐτῇ γὰρ, ἁγιάζεται, τελειωθῆναι, Κοινωνίᾳ, ἡ τρίτη ἀφορκισμὸς οὖσα, ἐκδιώκει, Θεόν ἐστιν, τὸ βεβαιότερον ἔργον, κατ᾽ εἰκόνα διδοῦσα, ψυχαῖς, θεομισῆ, κεκρυμμένον, ἀρχιερέως, λέγειν, ὁλοψύχως, Ἔτι δὲ, βεβαιοῖ, «Ἀπετάξω τῷ Σατανᾷ;», συνθεμένου; a * in the gutter beside Ἔτι δὲ belongs to the Latin column (no Greek note)
115	120	219-220	a,b	col 220 split: 0008 to τῇ τῶν ἀνθρώπων σωτηρίᾳ., stint C from Καὶ οὕτω κρατήσας; opens with ἀποτα|γήν, ὁ ἀρχιερεύς, «Ἐμφύσησον αὐτῷ,» φησί (Calfa ἵήν); bands A (γήν, ὁ ἀρχιερεύς line) B (ἅμα δὲ καὶ εἰς τιμήν line) C (καὶ προσκυνήσαντος τρίς line) — D (σαρκωμένον line) falls in stint C; no bold numeral in 0008 portion of this page; readings ἀπόρριψον, ἀθέτησον (stop after it faint), Εἶτα, Εἰπέ, Καὶ συντάσσομαι τῷ Χριστῷ, τρισήλιον, εἰρήκαμεν, σωθήσεται, παρρησίᾳ, ὄντως ὄντα, σάρκωσιν., «Συνετάξω τῷ Χριστῷ;», «Συνεταξάμην αὐτῷ,», ὃ τὴν τοῦ Χριστοῦ, ὁ ἀρχιερεύς τὸν πάντας; no apparatus
109	114	207-208	lat-b	Latin column checked for a [lat:] candidate: plate prints facultatemque praebet sanctificare opera (twin OCR confirmed)
111	116	211-212	lat-b	Latin column checked: plate prints nisi quod abest oratio atque pius sanctusque sacerdos, and rursum autem a pontifice with no octavo die (twin OCR confirmed)
113	118	215-216	lat strip	Latin column checked: plate prints (inde enim lux venit) — the twin OCR lex is an OCR error, not a divergence
114	119	217-218	lat-b	Latin column checked: plate prints «Abrenuntiamus,» id est: Abnegamus et rejicimus (plural) — confirms the [lat:]
115	120	219-220	lat strip	Latin column checked: plate prints «Fatemur eum,» (plural) — confirms the [lat:]
