genre	idx	vol	startCol	cols	greek	english	note	author	title
images	3	100	205	329	yes	U	Antirrhetici: no complete English known to me; check	S. NICEPHORUS CP. PATRIARCHA	Antirrhetici tres adversus Constantinum Copronymum, ex editione card. Ang. Mai
images	4	100	534	316	yes	N		S. NICEPHORUS CP. PATRIARCHA	Apologeticus duplex pro sacris imaginibus, ex eodem
images	5	100	850	1	yes	N		S. NICEPHORUS CP. PATRIARCHA	Demonstratio altera de sacris imaginibus
images	99	109	499	19	yes	N		ANONYMUS	Dissertatio steliteutica contra Iconomachos, scripta circa an. 745
images	264	120	723	14	yes	N		MICHAEL CERULARIUS CP. PATRIARCHA	Homilia dicta in prima Dominica Quadragesimae, festo restitutionis imaginum, ex Montfauconii Biblioth. Coislin. (falso antea inscribebatur: Epistola synodi Nicaenae ad S. Marinorum Ecclesiam)
dogmatic	9	100	1063	3	yes	N		S. NICEPHORUS CP. PATRIARCHA	Epistola ad Theodosium monachum et inclusum continens quarumdam quaestionum solutionem, ex Seunclavii Jure Graeco-Romano
dogmatic	10	100	1066	3	latin-only	N		S. NICEPHORUS CP. PATRIARCHA	Epistola ad eumdem de ligandi solvendique potestate
dogmatic	18	100	1295	4	yes	N		S. METHODIUS CP. PATRIARCHA	De unitate Ecclesiae et obedientia pastoribus debita
dogmatic	19	100	1299	34	yes	N		S. METHODIUS CP. PATRIARCHA	De iis qui abnegarunt secundum diversas personas et aetates et ad orthodoxam veramque fidem revertuntur, ex Goari Rituali Graecorum
dogmatic	22	101	45	1126	yes	N		PHOTIUS CONSTANTINOPOLITANUS PATRIARCHA	Photii Amphilochia, sive in sacras litteras et quaestiones diatribe
dogmatic	24	101	1275		yes	N		PHOTIUS CONSTANTINOPOLITANUS PATRIARCHA	Supplementum ad quaestiones Amphilochianas
dogmatic	34	104	1219	20	yes	N		PHOTIUS CONSTANTINOPOLITANUS PATRIARCHA	Interrogationes decem cum totidem responsionibus
dogmatic	282	120	1293	4	yes	N		JOANNES CP. DIACONUS	De Dei circa hominem oeconomia, ex Maii nova Bibl. PP.
dogmatic	287	122	687	97	yes	N		MICHAEL PSELLUS	De omnifaria doctrina capita centum quinquaginta septem
dogmatic	355	126	221	30	yes	N		THEOPHYLACTUS BULGARIAE ARCHIEPISCOPUS	Liber de iis quorum Latini incusantur
dogmatic	397	130	9		yes	P	Bogomil title in Hamilton & Hamilton (1998)	EUTHYMIUS ZIGABENUS	Panoplia dogmatica ad Alexium Comnenum, Graece ex editione Tergobystensi anni 1610, cum supplementis Chr. Frid. Matthaei et Frid. Sylburgii; Latine ex interpretatione Francisci Zini, a nobis, ubi opus fuit, suppleta
dogmatic	398	131	9	10	yes	N		EUTHYMIUS ZIGABENUS	Expositio Symboli, ex Christ. Frid. Matthaei Lectionibus Mosquensibus
dogmatic	380	127	709	168	yes	N		PHILIPPUS SOLITARIUS	Dioptra rei Christianae
dogmatic	498	139	1087	4	yes	N		NICETAS CHONIATES	Thesaurus orthodoxae fidei
dogmatic	499	140	9	24	yes	N		NICETAS CHONIATA (Operum continuatio: ex libris Thesauri orthodoxae fidei)	Ex libro VI. De Macedonio
dogmatic	500	140	33	4	latin-only	N		NICETAS CHONIATA (Operum continuatio: ex libris Thesauri orthodoxae fidei)	Ex libro VIII. De Nestorio
dogmatic	501	140	37	30	yes	N		NICETAS CHONIATA (Operum continuatio: ex libris Thesauri orthodoxae fidei)	Ex libro IX. De Eutychete
dogmatic	502	140	67	8	latin-only	N		NICETAS CHONIATA (Operum continuatio: ex libris Thesauri orthodoxae fidei)	Ex libro X. De quinta synodo
dogmatic	503	140	75	6	latin-only	N		NICETAS CHONIATA (Operum continuatio: ex libris Thesauri orthodoxae fidei)	Ex libro XII. De Aphtartodocetarum haeresi
dogmatic	504	140	81	8	yes	N		NICETAS CHONIATA (Operum continuatio: ex libris Thesauri orthodoxae fidei)	Ex libro XV. De sexta synodo
dogmatic	509	140	135	2	yes	N		NICETAS CHONIATA (Operum continuatio: ex libris Thesauri orthodoxae fidei)	Ex libro XXII. De erroribus Eustratii, Niceni metropolitae
dogmatic	510	140	137	64	yes	N		NICETAS CHONIATA (Operum continuatio: ex libris Thesauri orthodoxae fidei)	Ex libro XXIV. Synodus Graecae Ecclesiae de dogmate circa illa verba 'Tu es qui offers et qui offereris et qui recipis' ... contra Soterichum Antiochenum electum (cum Soterichi dialogo cum Philone)
dogmatic	511	140	201	80	yes	N		NICETAS CHONIATA (Operum continuatio: ex libris Thesauri orthodoxae fidei)	Ex libro XXV. Synodus habita propter illud dictum 'Pater meus major me est' (Praemittitur Editoris Romani Monitum)
dogmatic	512	140	281	2	yes	N		NICETAS CHONIATA (Operum continuatio: ex libris Thesauri orthodoxae fidei)	Ex libro incerto. De Lizicinorum haeresi
dogmatic	531	140	761	10	yes	N		THEODORUS DUCAS LASCARIS, IMP.	De nominibus divinis (Premittitur Editoris Romani Monitum)
dogmatic	533	140	1259	138	yes	N		THEODORUS DUCAS LASCARIS, IMP.	De communicatione naturali libri sex (Latine ex editione Basileensi, Graece ex cod. Paris.)
dogmatic	663	150	19	10	yes	N		CONSTANTINUS HARMENOPULUS	Constantini Harmenopuli libellus de opinionibus hæreticorum qui singulis temporibus exstiterunt
dogmatic	664	150	29	12	yes	N		CONSTANTINUS HARMENOPULUS	De fide orthodoxa
dogmatic	683	150	909	50	yes	N		GREGORIUS PALAMAS THESSALONICENSIS METROPOLITA	Gregorii Palamæ Opera: Theophanes, sive de divinitatis et rerum divinarum communicabilitate et incommunicabilitate
dogmatic	684	150	959	30	yes	N		GREGORIUS PALAMAS THESSALONICENSIS METROPOLITA	Prosopopeia, id est Dialogus Corporis et Animæ coram judicibus causam dicentium
dogmatic	745	155	33	142	yes	N		SYMEON THESSALONICENSIS ARCHIEPISCOPUS	Symeonis Dialogus contra omnes haereses
dogmatic	757	155	751	52	yes	N		SYMEON THESSALONICENSIS ARCHIEPISCOPUS	Expositio sacri Symboli
dogmatic	758	155	803	16	yes	N		SYMEON THESSALONICENSIS ARCHIEPISCOPUS	Expositio de sacri Symboli vocibus et dictis, ex quibus Scripturae locis collecta et adversus quos composita fuerint
dogmatic	759	155	819	10	yes	N		SYMEON THESSALONICENSIS ARCHIEPISCOPUS	Articuli fidei Christianae
dogmatic	760	155	829	124	yes	N		SYMEON THESSALONICENSIS ARCHIEPISCOPUS	Responsiones ad Gabrielem Pentapolitanum
dogmatic	847	160	539	28	yes	N		GENNADIUS SEU GEORGIUS SCHOLARIUS CPOLITANUS PATRIARCHA	Epistola de praedestinatione ad Josephum Exarchum (ed. Graece Hoeschelius 1606; Latine Fed. Morellus 1618)
dogmatic	848	160	567	30	yes	N		GENNADIUS SEU GEORGIUS SCHOLARIUS CPOLITANUS PATRIARCHA	De Deo in Trinitate uno, adversus atheos et polytheistas
dogmatic	860	160	1105	20	greek-only	N		GENNADIUS SEU GEORGIUS SCHOLARIUS CPOLITANUS PATRIARCHA	De divina providentia et praedestinatione liber primus
dogmatic	861	160	1125	12	greek-only	N		GENNADIUS SEU GEORGIUS SCHOLARIUS CPOLITANUS PATRIARCHA	De divina providentia liber tertius, ex cod. Reg. Paris. 1289
dogmatic	862	160	1137	12	greek-only	N		GENNADIUS SEU GEORGIUS SCHOLARIUS CPOLITANUS PATRIARCHA	De divina providentia liber quartus, ex eodem codice
dogmatic	863	160	1149	8	greek-only	N		GENNADIUS SEU GEORGIUS SCHOLARIUS CPOLITANUS PATRIARCHA	De divina providentia liber quintus, ex eodem codice
dogmatic	864	160	1157	6	greek-only	N		GENNADIUS SEU GEORGIUS SCHOLARIUS CPOLITANUS PATRIARCHA	De Christi humanatione, ex cod. Graec. Paris. 1232
dogmatic	835	160	351	24	yes	N		GENNADIUS SEU GEORGIUS SCHOLARIUS CPOLITANUS PATRIARCHA	Homilia de sacramentali corpore Domini nostri Jesu Christi
dogmatic	836	160	375	6	yes	N		GENNADIUS SEU GEORGIUS SCHOLARIUS CPOLITANUS PATRIARCHA	Alia ejusdem argumenti brevis homilia, relata a Meletio Syrigo in Refutatione confessionis Cyrilli Lucaris, Cpolitani patriarchae
palamite	704	151	773	366	yes	N		PHILOTHEUS CPOLITANUS	Philothei Cpolitani patriarchae contra Gregoram antirrhetici libri XII
palamite	705	151	1139	30	yes	N		GREGORIUS PALAMAS (APPENDIX)	Sermones duo quibus orthodoxos impugnant ii qui Acindyni partes sequuntur (de dicto S. Basilii; de lumine Thaborio)
palamite	706	151	1189	54	yes	N		GREGORIUS ACINDYNUS MONACHUS ET THEOLOGUS	De essentia et operatione Dei libri duo, cum interpretatione nostra. Praecedit Jacobi Gretseri editoris Praefatio
palamite	715	152	283	146	yes	N		MANUEL CALECAS, ORDINIS FRATRUM MINORUM MONACHUS, CPOLITANUS PATRIARCHA	De essentia et operatione, editore et interprete Francisco Combefisio
palamite	716	152	429	232	yes	N		MANUEL CALECAS, ORDINIS FRATRUM MINORUM MONACHUS, CPOLITANUS PATRIARCHA	De fide deque principiis fidei catholicae, ex ejusdem editione
palamite	717	152	661	36	yes	N		JOANNES CYPARISSIOTA	Palamiticarum Transgressionum liber primus, editore et interprete Fr. Combefisio (Vide col. 737 quae de operis in libros distinctione Combefisius scribit)
palamite	718	152	697	44	yes	N		JOANNES CYPARISSIOTA	Palamiticarum Transgressionum Sermo IV (Praeter omnem Christianitatis ritum ac ordinem conflatam esse Palamiticarum Ecclesiam)
palamite	719	152	741	250	yes	N		JOANNES CYPARISSIOTA	Expositio eorum quae de Deo a theologis dicuntur, in decem decades partita, Franc. Turriano S. J. interprete
palamite	726	154	693	26	yes	N		JOANNES CANTACUZENUS IMP. CP.	Contra Barlaam et Acindynum, sub ficto nomine Christoduli monachi. Cf. Monitum Editorum
palamite	731	154	821	4	yes	N		PHILOTHEUS CPOLITANUS PATRIARCHA	Refutatio Anathematismorum Harmenopuli
sacraments-liturgy	535	140	805	6	yes	N		NICEPHORUS CPOLITANUS PATRIARCHA (II)	Contra eos qui dicunt mortuos sacro oleo ungendos esse
sacraments-liturgy	746	155	175	56	yes	N		SYMEON THESSALONICENSIS ARCHIEPISCOPUS	De sacramentis
sacraments-liturgy	747	155	231	22	yes	N		SYMEON THESSALONICENSIS ARCHIEPISCOPUS	De sacro ritu sancti unguenti
sacraments-liturgy	749	155	305	56	yes	N		SYMEON THESSALONICENSIS ARCHIEPISCOPUS	De sacro templo et ejus consecratione
sacraments-liturgy	750	155	361	108	yes	N		SYMEON THESSALONICENSIS ARCHIEPISCOPUS	De sacris ordinationibus
sacraments-liturgy	751	155	469	34	yes	N		SYMEON THESSALONICENSIS ARCHIEPISCOPUS	De poenitentia
sacraments-liturgy	752	155	503	12	yes	N		SYMEON THESSALONICENSIS ARCHIEPISCOPUS	De honesto et legitimo conjugio
sacraments-liturgy	753	155	515	20	yes	N		SYMEON THESSALONICENSIS ARCHIEPISCOPUS	De sacro ritu sancti olei
sacraments-liturgy	755	155	669	28	yes	N		SYMEON THESSALONICENSIS ARCHIEPISCOPUS	De ordine sepulturae
sacraments-liturgy	761	155	953		yes	N		SYMEON THESSALONICENSIS ARCHIEPISCOPUS	De sacerdotio ad pium monachum quemdam
sacraments-liturgy	881	160	1079	12	yes	U	English online?	MARCUS EUGENICUS, EPHESIUS METROPOLITA	Quod non solum a voce Dominicorum verborum sanctificantur divina dona, verum a consequente oratione et benedictione sacerdotis, virtute S. Spiritus. Ex Liturgiis SS. Patrum
sacraments-liturgy	887	160	1163	30	yes	N		MARCUS EUGENICUS, EPHESIUS METROPOLITA	Expositio Officii ecclesiastici, edita ad calcem Operum Symeonis Thessalonicensis, in Iasio Moldaviae
sacraments-liturgy	902	161	489	6	latin-only	N		BESSARION. S. R. E. CARDINALIS	Graecorum confessio de verbis consecrationis et transsubstantiatione, a Bessarione exposita in concilio Florentino. Ex Mabillonii Museo Italico
sacraments-liturgy	903	161	495	30	latin-only	N		BESSARION. S. R. E. CARDINALIS	De sacramento Eucharistiae et quibus verbis Christi corpus conficiatur. Ex Claudii de Sainctes Liturgiis
sacraments-liturgy	436	135	509	8	yes	N		NICOLAUS METHONENSIS IN PELOPONNESO METROPOLITA	De corpore et sanguine Christi
sacraments-liturgy	807	158	977	6	yes	N		HILARIO MONACHUS	Dissertatio dialectica de pane Graecorum mystico et azymo Latinorum, contra Graecos
filioque-union	2	100	169	36	yes	U	synodal letter to Leo III: possibly translated; check	S. NICEPHORUS CP. PATRIARCHA	Epistola ad Leonem III papam, ex Conciliis
filioque-union	263	120	711	12	yes	N		NICETAS CHARTOPHYLAX NICANUS	Quibus temporibus et quarum criminationum causa a CP Ecclesia sejunxerit se Romana Ecclesia, ex Maii nova Bibl. PP.
filioque-union	267	120	751	68	yes	U	excerpts in source readers? check	MICHAEL CERULARIUS CP. PATRIARCHA	Michaelis Cerularii, Dominici Gradensis et Petri Antiocheni Epistolae mutuae, ex ejusdem Monum. Ecclesiae Graecae
filioque-union	269	120	835	16	yes	U	Leo of Ohrid's letter: English online; check	LEO ACHRIDANUS BULGARORUM ARCHIEPISCOPUS	Epistola ad Joannem episcopum Tranensem, nunc primum ex cod. Monac. Graece edita a D. J. Hergenroether
filioque-union	272	120	1011	10	latin-only	N		NICETAS PECTORATUS PRESBYTER ET MONASTERII STUDIENSIS MONACHUS	Libellus contra Latinos
filioque-union	273	120	1021	18	latin-only	N		HUMBERTUS SILVAE CANDIDAE EPISCOPUS (CARDINALIS)	Responsio sive Contradictio in libellum Nicetae Pectorati contra Latinos
filioque-union	383	127	911	14	yes	N		PETRUS CHRYSOLANUS MEDIOLANENSIS ARCHIEPISCOPUS	Epistola ad Alexium imp. de Spiritus sancti processione (Oratio de Spiritu Sancto ad imperatorem Alexium Comnenum)
filioque-union	435	135	506	3	yes	N		JOANNES CHILAS EPHESI METROPOLITA	De processione Spiritus sancti ad imp. Andronicum seniorem
filioque-union	486	139	169	54	yes	N		NICETAS MARONIENSIS	Dialogi de processione Spiritus Sancti
filioque-union	525	140	467	18	yes	N		MANUEL MAGNUS RHETOR CPOLITANUS	De processione Spiritus Sancti. Disputatio cum fratre Francisco, ordinis Praedicatorum (Apologia et refutatio)
filioque-union	526	140	485	88	latin-only	N		PANTALEO DIACONUS CP.	Tractatus contra errores Graecorum
filioque-union	528	140	601	12	yes	N		GERMANUS II, CPOLITANUS PATRIARCHA	Epistola prima ad Cyprios
filioque-union	529	140	613	10	yes	N		GERMANUS II, CPOLITANUS PATRIARCHA	Epistola II ad Cyprios
filioque-union	534	140	779	26	yes	N		METHODIUS MONACHUS	De schismate vitando (Premittitur Editoris Romani Monitum)
filioque-union	550	141	13	144	yes	U	Bekkos: some English online (unpublished); check	JOANNES VECCUS CP. PATRIARCHA	De unione Ecclesiarum veteris et novae Romae (ex Leonis Allatii Graecia orthodoxa)
filioque-union	551	141	157	118	yes	U	Bekkos: some English online (unpublished); check	JOANNES VECCUS CP. PATRIARCHA	De processione Spiritus sancti
filioque-union	552	141	275	6	yes	U	Bekkos: some English online (unpublished); check	JOANNES VECCUS CP. PATRIARCHA	Epistola ad Agallianum Magnae Ecclesiae diaconum
filioque-union	553	141	281	8	yes	U	Bekkos: some English online (unpublished); check	JOANNES VECCUS CP. PATRIARCHA	Sententia synodalis
filioque-union	554	141	289	48	yes	U	Bekkos: some English online (unpublished); check	JOANNES VECCUS CP. PATRIARCHA	Ad Theodorum Sugdeae episcopum libri tres
filioque-union	555	141	337	58	yes	U	Bekkos: some English online (unpublished); check	JOANNES VECCUS CP. PATRIARCHA	Ad Constantinum libri quatuor
filioque-union	556	141	395	218	yes	U	Bekkos: some English online (unpublished); check	JOANNES VECCUS CP. PATRIARCHA	Adversus Andronicum Camaterum (Refutationes in Camateri animadversiones, with the patristic dicta)
filioque-union	557	141	613	112	yes	U	Bekkos: some English online (unpublished); check	JOANNES VECCUS CP. PATRIARCHA	Epigraphae sive praescriptiones in dicta ac sententias sanctorum Patrum de processione Spiritus sancti
filioque-union	558	141	725	140	yes	U	Bekkos: some English online (unpublished); check	JOANNES VECCUS CP. PATRIARCHA	Refutatio libri Photii de processione Spiritus sancti (ed. J. Hergenroether, ex ms. Laurentiano)
filioque-union	559	141	865	60	yes	U	Bekkos: some English online (unpublished); check	JOANNES VECCUS CP. PATRIARCHA	Refutatio libri Georgii Cyprii
filioque-union	560	141	925	18	yes	U	Bekkos: some English online (unpublished); check	JOANNES VECCUS CP. PATRIARCHA	De pace ecclesiastica fragmentum
filioque-union	561	141	943	6	yes	U	Bekkos: some English online (unpublished); check	JOANNES VECCUS CP. PATRIARCHA	Epistola ad Joannem Papam cum professione fidei et recognitione primatus
filioque-union	562	141	949	60	yes	U	Bekkos: some English online (unpublished); check	JOANNES VECCUS CP. PATRIARCHA	De depositione sua orationes (Oratio I, Oratio II)
filioque-union	563	141	1009	10	yes	U	Bekkos: some English online (unpublished); check	JOANNES VECCUS CP. PATRIARCHA	Apologia
filioque-union	564	141	1019	8	yes	U	Bekkos: some English online (unpublished); check	JOANNES VECCUS CP. PATRIARCHA	De libris suis (De omnibus suis libris et scriptionum suarum consensione animadversio)
filioque-union	565	141	1027	4	yes	U	Bekkos: some English online (unpublished); check	JOANNES VECCUS CP. PATRIARCHA	Testamentum
filioque-union	566	141	1031	244	yes	N		CONSTANTINUS MELITENIOTA, MAGNAE ECCLESIAE CHARTOPHYLAX	De ecclesiastica unione Latinorum et Graecorum et de processione Spiritus sancti per Filium orationes duae
filioque-union	567	141	1275	32	yes	N		GEORGIUS METOCHITA, MAGNAE ECCLESIAE DIACONUS	Contra Maximum Planudem (Refutatio trium capitum a Maximo Planude monacho editorum)
filioque-union	568	141	1307	98	yes	N		GEORGIUS METOCHITA, MAGNAE ECCLESIAE DIACONUS	Contra Manuelem Cretensem
filioque-union	569	141	1405	14	yes	N		GEORGIUS METOCHITA, MAGNAE ECCLESIAE DIACONUS	Fragmentum ex libris de processione Spiritus sancti (ex libro IV; ex libro V; ex eodem libro)
filioque-union	570	141	1419	2	yes	N		GEORGIUS METOCHITA, MAGNAE ECCLESIAE DIACONUS	De unione Ecclesiarum (fragmentum)
filioque-union	571	141	1421		yes	N		GEORGIUS METOCHITA, MAGNAE ECCLESIAE DIACONUS	De dissidio Ecclesiarum fragmenta duo historica
filioque-union	573	142	233	14	greek-only	N		GEORGIUS CYPRIUS CPOLITANUS PATRIARCHA	Georgii Cyprii Expositio fidei, contra Veccum. Accedit Joannis Chilae, Ephesi metropolitae, Epistola ad imperatorem
filioque-union	574	142	247	4	greek-only	N		GEORGIUS CYPRIUS CPOLITANUS PATRIARCHA	Contra Marcum, ex Judaeo Christianum
filioque-union	575	142	251	16	greek-only	N		GEORGIUS CYPRIUS CPOLITANUS PATRIARCHA	Apologia pro tomo suo, pravae doctrinae suspecto
filioque-union	576	142	267	2	greek-only	N		GEORGIUS CYPRIUS CPOLITANUS PATRIARCHA	Epistola ad Andronicum imp.
filioque-union	577	142	269	30	greek-only	N		GEORGIUS CYPRIUS CPOLITANUS PATRIARCHA	De processione Spiritus sancti, ex Dosithei Τόμῳ ἀγάπης
filioque-union	586	142	533	52	yes	N		NICEPHORUS BLEMMIDA	De processione Spiritus sancti orationes duae, ex Leonis Allatii Graec. orthod.
filioque-union	604	144	923	6	yes	N		GEORGIUS PACHYMERES	Adversus eos qui dicunt ideo dici Spiritum sanctum, Spiritum Filii, quod habeat eamdem ac ille naturam, vel quod dignis ab eo suppeditatur; ex Leonis Allatii Graecia orthodoxa
filioque-union	642	147	1129	2	yes	N		MAXIMUS PLANUDES CPOLITANUS MONACHUS	Syllogismi de processione Spiritus sancti contra Latinos (Vide tom. CLXI, col. 309, ubi cum Bessarionis et Demetrii Cydonii refutationibus eduntur)
filioque-union	657	149	729	148	yes	N		NILUS CABASILAS THESSALONICENSIS METROPOLITA	Joannis Matthei Caryophylli, archiepiscopi Iconiensis, Confutatio Nili, ad Urbanum VIII Pontificem Maximum
filioque-union	707	151	1255	28	latin-only	N		BARLAAMUS DE SEMINARIA GYRACENSIS EPISCOPUS	Epistolae Barlaami de unione Romanae Ecclesiae et processione Spiritus sancti, pro Latinis (subjectis iis quae in libro De primatu Papae contra eosdem scripserat)
filioque-union	708	151	1283	18	latin-only	N		BARLAAMUS DE SEMINARIA GYRACENSIS EPISCOPUS	Epistola Demetrii Cydonii ad Barlaamum
filioque-union	709	151	1301	8	latin-only	N		BARLAAMUS DE SEMINARIA GYRACENSIS EPISCOPUS	Barlaam ad Cydonii petita responsio
filioque-union	710	151	1309	4	latin-only	N		BARLAAMUS DE SEMINARIA GYRACENSIS EPISCOPUS	Barlaami epistola ad Alexium Calochetum: Graecos esse non solum schismaticos, sed haereticos
filioque-union	711	151	1313	20	latin-only	N		BARLAAMUS DE SEMINARIA GYRACENSIS EPISCOPUS	Probatio per sacram Scripturam quod Spiritus sanctus et ex Filio est quemadmodum ex Patre
filioque-union	712	151	1333	8	latin-only	N		BARLAAMUS DE SEMINARIA GYRACENSIS EPISCOPUS	Barlaami Oratio pro unione Ecclesiarum, Avenione habita coram Benedicto XII Pontifice Maximo
filioque-union	714	152	11	272	yes	N		MANUEL CALECAS, ORDINIS FRATRUM MINORUM MONACHUS, CPOLITANUS PATRIARCHA	Manuelis Calecae contra errores Graecorum libri quatuor, interprete Ambrosio Camaldulensi (praemittitur epistola nuncupatoria ad Martinum V Pontificem Maximum)
filioque-union	732	154	835	28	yes	N		DEMETRIUS CYDONIUS	De processione Spiritus sancti adversus Gregorium Palamam
filioque-union	733	154	863	98	yes	N		DEMETRIUS CYDONIUS	De eodem argumento, ad eos qui dicunt Filium Dei non esse ex substantia Patris
filioque-union	739	154	1217	12	yes	N		MAXIMUS CHRYSOBERGA MONACHUS	De processione Spiritus sancti. Ad Cretenses. Cf. Monitum Editorum
filioque-union	806	158	971	6	yes	N		ESAIAS CYPRIUS	Epistola ad Nicolaum Sclengam de processione Spiritus sancti
filioque-union	808	158	989	18	yes	N		JOANNES ARGYROPULUS	Joan. Argyropuli libellus de processione Spiritus sancti, in quo habetur explanatio Decreti facti in synodo Florentina
filioque-union	810	158	1011	40	yes	N		THEODORUS AGALLIANUS	Theodori Agalliani diceophylacis Refutatio libri Joannis Argyropuli, ex Dosithei TOMO AGAPHS
filioque-union	824	159	959	64	yes	N		JOSEPHUS, METHONENSIS EPISCOPUS (JOANNES PLUSIADENUS)	De differentiis inter Graecos et Latinos (Joannis Archipresbyteri Plusiadeni Disceptatio inter Pium quemdam, Publicanum, ...)
filioque-union	825	159	1023	72	yes	N		JOSEPHUS, METHONENSIS EPISCOPUS (JOANNES PLUSIADENUS)	Responsio ad libellum Marci Eugenici, Ephesi metropolitae
filioque-union	826	159	1095	6	yes	N		JOSEPHUS, METHONENSIS EPISCOPUS (JOANNES PLUSIADENUS)	Canon per acrostichidem in synodum Florentinam, ex Pasini Cod. Taurin.
filioque-union	827	159	1101	6	yes	N		JOSEPHUS, METHONENSIS EPISCOPUS (JOANNES PLUSIADENUS)	Synaxarium synodi Florentinae, sive brevis narratio eorum quae in ea gesta sunt
filioque-union	828	159	1107		yes	N		JOSEPHUS, METHONENSIS EPISCOPUS (JOANNES PLUSIADENUS)	Expositio pro sancta et oecumenica synodo Florentina, quod legitime congregata est, et Defensio quinque capitum quae in decreto ejus continentur (Gennadii Scholarii nomine olim edita)
filioque-union	829	160	15	96	yes	N		GREGORIUS MAMMA CPOLITANUS PATRIARCHA	Apologia contra Ephesii confessionem nunc primum edita curante D. Hergenroether
filioque-union	830	160	111	94	yes	N		GREGORIUS MAMMA CPOLITANUS PATRIARCHA	Responsio ad epistolam encyclicam ejusdem Ephesii (ex tom. XIII Concil. ed. Labbei)
filioque-union	831	160	205	44	yes	N		GREGORIUS MAMMA CPOLITANUS PATRIARCHA	Ad imperatorem Trapezuntium de additione facta in Symbolo (ex Leonis Allatii Graecia orthodoxa)
filioque-union	838	160	385	20	yes	N		GENNADIUS SEU GEORGIUS SCHOLARIUS CPOLITANUS PATRIARCHA	De pace deque ferendo patriae auxilio Adhortatio ad synodum orientalem Florentiae coactam
filioque-union	839	160	405	34	yes	N		GENNADIUS SEU GEORGIUS SCHOLARIUS CPOLITANUS PATRIARCHA	Oratio ad synodum oecumenicam, Quod facienda sit unio dogmatica
filioque-union	840	160	439	34	yes	N		GENNADIUS SEU GEORGIUS SCHOLARIUS CPOLITANUS PATRIARCHA	Oratio II, in qua pacis impedimenta tolluntur
filioque-union	841	160	473	52	yes	N		GENNADIUS SEU GEORGIUS SCHOLARIUS CPOLITANUS PATRIARCHA	Oratio III, in qua exponuntur ea per quae pax confici possit
filioque-union	849	160	597	34	yes	N		GENNADIUS SEU GEORGIUS SCHOLARIUS CPOLITANUS PATRIARCHA	Epistola ad Plethonem in ejus librum de Spiritus sancti processione seu potius ejus novitates dogmaticas
filioque-union	851	160	649	16	greek-only	N		GENNADIUS SEU GEORGIUS SCHOLARIUS CPOLITANUS PATRIARCHA	Responsio ad amicam de sententia quadam B. Theodori Grapti qua abutebantur Acindyniastae, et de iis quae circa processionem Spiritus sancti docent
filioque-union	852	160	665	48	greek-only	N		GENNADIUS SEU GEORGIUS SCHOLARIUS CPOLITANUS PATRIARCHA	De processione Spiritus sancti, ad Joannem Comnenum imperatorem Trapezuntinum
filioque-union	853	160	713	18	greek-only	N		GENNADIUS SEU GEORGIUS SCHOLARIUS CPOLITANUS PATRIARCHA	De additione ad Symbolum a Latinis facta
filioque-union	854	160	731	6	greek-only	N		GENNADIUS SEU GEORGIUS SCHOLARIUS CPOLITANUS PATRIARCHA	De haeresi Simoniaca
filioque-union	855	160	737	8	greek-only	N		GENNADIUS SEU GEORGIUS SCHOLARIUS CPOLITANUS PATRIARCHA	De jejunio Sabbatino Latinorum, quod non oportet per Quadragesimam quotidie sacrificium fieri, et de conjugio sacerdotum
filioque-union	877	160			unknown	N		GEORGIUS GEMISTUS PLETHO	Contra dogma Latinorum de processione Spiritus sancti, ex Dosithei Tomo agapes
filioque-union	882	160	1091	6	yes	N		MARCUS EUGENICUS, EPHESIUS METROPOLITA	Epistola Marci Ephesini ad Georgium Scholarium (Sequentia ex mss. descripta, nobis suppeditavit D. Hergenroether)
filioque-union	885	160	1099	4	yes	U	English online?	MARCUS EUGENICUS, EPHESIUS METROPOLITA	Marci Ephesii Dialogus qui inscribitur Latinus, sive de additamento in Symbolo
filioque-union	895	161	11	234	yes	N		BESSARION. S. R. E. CARDINALIS	Refutatio capitum syllogisticorum Marci Ephesii contra Latinos, nunc primum edita curante J. Hergenroether
filioque-union	896	161	245	42	yes	N		BESSARION. S. R. E. CARDINALIS	Apologia Inscriptionum Vecci contra Gregorium Palamam, Petro Arcudio interprete
filioque-union	897	161	287	34	latin-only	N		BESSARION. S. R. E. CARDINALIS	Defensiones recti catholicique dogmatis Latinorum, videlicet de processione Spiritus sancti contra haereticum illud impugnantem, Graece Latineque editae
filioque-union	898	161	321	82	yes	N		BESSARION. S. R. E. CARDINALIS	De processione Spiritus sancti, ad Alexium Lascarin Philanthropinum, ex interpretatione Petri Arcudii (praemittitur Bessarionis ad Paulum II Epistola nuncupatoria)
filioque-union	899	161	403	38	latin-only	N		BESSARION. S. R. E. CARDINALIS	Idem liber, Latine, ex interpretatione Bessarionis (De successu synodi Florentinae et de processione Spiritus sancti, primum Graece editus liber, deinde ab eodem Latinis litteris donatus)
filioque-union	900	161	441	40	latin-only	N		BESSARION. S. R. E. CARDINALIS	Epistola encyclica ad Graecos. Exhortatur ad obedientiam Romanae Ecclesiae et susceptionem synodi Florentinae; et de electione sua in patriarcham Cpolitanum. Petro Arcudio interprete. Praemittitur Epistolae argumentum
filioque-union	901	161	481	8	latin-only	N		BESSARION. S. R. E. CARDINALIS	Eadem Epistola ex interpretatione Bessarionis
filioque-union	906	161	543	68	yes	N		BESSARION. S. R. E. CARDINALIS	Oratio dogmatica ad eamdem synodum de unione Ecclesiarum, ipso Bessarione interprete
filioque-union	919	161	769	60	yes	N		GEORGIUS TRAPEZUNTINUS	De processione Spiritus sancti, ad Joannem Cuboclesium
filioque-union	920	161	829	38	greek-only	N		GEORGIUS TRAPEZUNTINUS	Item de processione Spiritus sancti et de una sancta catholica Ecclesia, ad Cretenses
filioque-union	923	161	889	6	latin-only	N		GEORGIUS TRAPEZUNTINUS	Epistola ad Eugenium IV Summum Pontificem, de unione Ecclesiarum, ex Mittarelli Bibliotheca codd. mss. monasterii S. Michaelis Venet. prope Murianum
filioque-union	924	161	895	10	yes	N		GEORGIUS TRAPEZUNTINUS	Epistola ad Joannem Palaeologum imp. Ut in Italiam ad synodum proficiscatur. Ad calcem Phrantzae ed. Pontanus
islam-judaism	39	104	1383	64	yes	N		BARTHOLOMAEUS EDESSENUS MONACHUS	Elenchus et confutatio Agareni
islam-judaism	40	104	1447		yes	N		BARTHOLOMAEUS EDESSENUS MONACHUS	Contra Muhammed
islam-judaism	46	105	669	180	yes	N		NICETAS BYZANTINUS	Confutatio dogmatum Mahomedis
islam-judaism	79	107	315	10	latin-only	N		LEO IMPERATOR, COGNOMINE PHILOSOPHUS, VEL SAPIENS	Epistola ad Omarum Saracenorum regem de fidei Christianae veritate et Mahumetanorum erroribus, ex Biblioth. Patrum Lugdun. edit
islam-judaism	834	160	334	17	greek-only	N		GENNADIUS SEU GEORGIUS SCHOLARIUS CPOLITANUS PATRIARCHA	Confessio fidei II. De Christianorum recta et vera fide homilia ad sapientes Agarenos, hortatu magni Sultani et ipso praesente dicta
islam-judaism	233	117	1179	14	yes	N		CHRISTOPHORUS PROTOASECRETIS	Exhortatio duplex ad Israelitas
islam-judaism	268	120	819	16	yes	N		SAMONAS GAZENSIS EPISCOPUS	Disceptatio cum Achmed Saraceno, perspicue docens, panem ac vinum, utrumque per sacerdotem consecratum, verum esse et integrum corpus ac sanguinem D. N. Jesu Christi
islam-judaism	399	131	19	20	yes	N		EUTHYMIUS ZIGABENUS	Disputatio de fide cum philosopho Saraceno in urbe Melitine, ex cod. Vat. Ottobon. 333
islam-judaism	420	133	797	126	yes	N		ANDRONICUS COMNENUS IMP. CP.	Dialogus contra Judaeos
islam-judaism	506	140	105	18	yes	N		NICETAS CHONIATA (Operum continuatio: ex libris Thesauri orthodoxae fidei)	Ex libro XX. De superstitione Agarenorum
islam-judaism	507	140	123	12	yes	N		NICETAS CHONIATA (Operum continuatio: ex libris Thesauri orthodoxae fidei)	De receptione eorum qui ab Agarenis ad rectam fidem accedunt (Ordo qui observatur super iis qui a Saracenis ... se convertunt)
islam-judaism	724	154	371	212	yes	N		JOANNES CANTACUZENUS IMP. CP.	Contra sectam Mahometicam pro Christiana religione Apologiae quatuor, ex editione Basileensi anni 1543, apud Joannem Oporinum
islam-judaism	725	154	583	110	yes	N		JOANNES CANTACUZENUS IMP. CP.	Contra Mahometem orationes quatuor, ex eadem editione
islam-judaism	816	158	1077		yes	N		ANONYMUS	Narratio de vita Mohammedis, ex D. W. Gass, Appendix ad Gennadius und Pletho
dualist-heresy	25	102	9	254	yes	N		PHOTIUS CONSTANTINOPOLITANUS PATRIARCHA	Contra Manichaeos libri quatuor, ex editione J. Christophori Wolfi
dualist-heresy	36	104	1306	45	yes	U	possibly excerpted in Hamilton & Hamilton (1998)	PETRUS SICULUS ET PETRUS ARGORUM EPISCOPUS	Ejusdem adversus Manichaeos sermones tres
dualist-heresy	400	131	39	8	yes	U	possibly Hamilton & Hamilton (1998)	EUTHYMIUS ZIGABENUS	Contra Massalianos
armenian	45	105	587	82	yes	N		NICETAS BYZANTINUS	Nicetae Refutatio epistolae regis Armeniae
armenian	376	127			yes	N		ANASTASIUS CAESAREAE PALAESTINAE ARCHIEPISCOPUS	De Artziburio adversus falsam Armenorum religionem
armenian	408	132	1155	62	yes	N		ISAACUS MAGNAE ARMENIAE CATHOLICUS	Oratio invectiva adversus Armenios haereticos
armenian	409	132	1217	20	yes	N		ISAACUS MAGNAE ARMENIAE CATHOLICUS	Ejusdem adversus eosdem oratio altera
armenian	410	132	1237	20	yes	N		ISAACUS MAGNAE ARMENIAE CATHOLICUS	De rebus Armeniae
armenian	411	132	1257		yes	N		ISAACUS MAGNAE ARMENIAE CATHOLICUS	Quomodo recipiendi sunt Armenii haeretici, ex Joan. Bapt. Cotelerii notis ad Constit. Apost., lib. v, cap. 14
armenian	415	133	119	180	yes	N		THEORIANUS PHILOSOPHUS CHRISTIANUS	Disputationes cum Armeniis (Disputatio prima et secunda)
armenian	505	140	89	16	yes	N		NICETAS CHONIATA (Operum continuatio: ex libris Thesauri orthodoxae fidei)	Ex libro XVII. De haeresibus Armeniorum
ascetic-moral	374	127	513	10	yes	N		NICON MONACHUS RAITHENSIS IN PALAESTINA	Liber de praeceptis divinis
ascetic-moral	440	135	729	180	latin-only	N		EUSTATHIUS THESSALONICENSIS METROPOLITA	De emendanda vita monachica
ascetic-moral	455	136	373	34	yes	N		EUSTATHIUS THESSALONICENSIS METROPOLITA	De simulatione
ascetic-moral	456	136	407	94	yes	N		EUSTATHIUS THESSALONICENSIS METROPOLITA	Contra injuriarum memoriam
ascetic-moral	587	142	585	22	yes	N		NICEPHORUS BLEMMIDA	Sermo ad monachos monasterii ab ipso exstructi, ex Dosithei Τόμῳ ἀγάπης
ascetic-moral	637	147	835	108	yes	U	check	CALLISTUS CATAPHUGIOTA	De unione cum Deo et vita contemplativa (ex syllogisticis et altipetis capitulis quae supersunt)
ascetic-moral	728	154	729	16	yes	N		PHILOTHEUS CPOLITANUS PATRIARCHA	De mandatis D. N. Jesu Christi
